{
  "config": {
    "num_nodes": 2,
    "total_transactions": 100000,
    "batch_size": 1000,
    "warmup_blocks": 3,
    "senders_per_node": 50
  },
  "total_transactions": 100000,
  "committed_transactions": 100000,
  "elapsed_seconds": 5.046672333,
  "tps": 19815.037197105856,
  "peak_tps": 45400.0,
  "avg_block_time_ms": 10.062,
  "avg_block_size": 200.0,
  "finality_time_ms": 20.124,
  "nodes": 2,
  "cpu_cores": 24,
  "projected_4_nodes": 34874.46546690631,
  "projected_16_nodes": 139497.86186762524,
  "projected_64_nodes": 557991.447470501,
  "projected_256_nodes": 2231965.789882004
}