{
  "config": {
    "num_nodes": 2,
    "total_transactions": 500000,
    "batch_size": 1000,
    "warmup_blocks": 3,
    "senders_per_node": 90
  },
  "total_transactions": 500000,
  "committed_transactions": 500000,
  "elapsed_seconds": 15.068627959,
  "tps": 33181.52132765122,
  "peak_tps": 350000.0,
  "avg_block_time_ms": 2139.5714285714284,
  "avg_block_size": 71428.57142857143,
  "finality_time_ms": 4279.142857142857,
  "nodes": 2,
  "cpu_cores": 24,
  "projected_4_nodes": 58399.47753666615,
  "projected_16_nodes": 233597.9101466646,
  "projected_64_nodes": 934391.6405866584,
  "projected_256_nodes": 3737566.5623466335
}