{
  "config": {
    "num_nodes": 2,
    "total_transactions": 500000,
    "batch_size": 1000,
    "warmup_blocks": 3,
    "senders_per_node": 90
  },
  "total_transactions": 500000,
  "committed_transactions": 500000,
  "elapsed_seconds": 15.046326291,
  "tps": 33230.7029855571,
  "peak_tps": 350000.0,
  "avg_block_time_ms": 2135.8571428571427,
  "avg_block_size": 71428.57142857143,
  "finality_time_ms": 4271.714285714285,
  "nodes": 2,
  "cpu_cores": 24,
  "projected_4_nodes": 58486.0372545805,
  "projected_16_nodes": 233944.149018322,
  "projected_64_nodes": 935776.596073288,
  "projected_256_nodes": 3743106.384293152
}