{
  "config": {
    "num_nodes": 2,
    "total_transactions": 100000,
    "batch_size": 1000,
    "warmup_blocks": 3,
    "senders_per_node": 50
  },
  "total_transactions": 100000,
  "committed_transactions": 100000,
  "elapsed_seconds": 5.01922925,
  "tps": 19923.377677957225,
  "peak_tps": 45000.0,
  "avg_block_time_ms": 10.006,
  "avg_block_size": 200.0,
  "finality_time_ms": 20.012,
  "nodes": 2,
  "cpu_cores": 24,
  "projected_4_nodes": 35065.14471320472,
  "projected_16_nodes": 140260.57885281887,
  "projected_64_nodes": 561042.3154112755,
  "projected_256_nodes": 2244169.261645102
}